Accuracy (bp)	Accuracy (seq)	Adjusted Rand index (bp)	Adjusted Rand index (seq)	Average completeness (bp)	Average completeness (seq)	Average purity (bp)	Average purity (seq)	CAMI 1 F1 score (bp)	CAMI 1 F1 score (seq)	CAMI 1 average completeness (bp)	CAMI 1 average completeness (seq)	CAMI 1 std error of av. completeness (bp)	CAMI 1 std error of av. completeness (seq)	Completeness (bp)	Completeness (seq)	F1 score (bp)	F1 score (seq)	F1 score for sample (bp)	F1 score for sample (seq)	Misclassification rate (bp)	Misclassification rate (seq)	Percentage of binned bp	Percentage of binned sequences	Purity (bp)	Purity (seq)	Rand index (bp)	Rand index (seq)	Sample	Std error of av. completeness (bp)	Std error of av. completeness (seq)	Std error of av. purity (bp)	Std error of av. purity (seq)	Tool	UniFrac (bp)	UniFrac (seq)	avg_precision_bp_var	avg_recall_bp_var	avg_recall_bp_var_cami1	binning type	rank
1.0	1.0	1.0	1.0	1.0	1.0	1.0	1.0	1.0	1.0	1.0	1.0	0.0	0.0	1.0	1.0	1.0	1.0	1.0	1.0	0.0	0.0	1.0	1.0	1.0	1.0	1.0	1.0	gsa	0.0	0.0	0.0	0.0	Gold standard			0.0	0.0	0.0	genome	NA
0.14841732892436746	0.47740909790245656	0.0956861092353009	0.08708682831349036	0.7157769433364687	0.685305736326173	0.5640161031880433	0.576949797342887	0.07561511082391217	0.07057151954696421	0.040523990278453874	0.037584389101688806	0.012108308429508125	0.010409325894252305	0.6061745837112787	0.2718088107082414	0.6308984463211829	0.6264769615103412	0.23871835536084055	0.34678568019469513	0.8513759035843599	0.5211173414270281	0.9986087889093406	0.9969229191240576	0.14862409641564014	0.47888265857297185	0.8181085790579075	0.8159787111299399	gsa	0.03190878767133452	0.03673474468787007	0.024338521262109374	0.022686280137062743	DCEC			0.035541817033569005	0.06109024383925857	0.016420446898698923	genome	NA
