Accuracy (bp)	Accuracy (seq)	Adjusted Rand index (bp)	Adjusted Rand index (seq)	Average completeness (bp)	Average completeness (seq)	Average purity (bp)	Average purity (seq)	CAMI 1 F1 score (bp)	CAMI 1 F1 score (seq)	CAMI 1 average completeness (bp)	CAMI 1 average completeness (seq)	CAMI 1 std error of av. completeness (bp)	CAMI 1 std error of av. completeness (seq)	Completeness (bp)	Completeness (seq)	F1 score (bp)	F1 score (seq)	F1 score for sample (bp)	F1 score for sample (seq)	Misclassification rate (bp)	Misclassification rate (seq)	Percentage of binned bp	Percentage of binned sequences	Purity (bp)	Purity (seq)	Rand index (bp)	Rand index (seq)	Sample	Std error of av. completeness (bp)	Std error of av. completeness (seq)	Std error of av. purity (bp)	Std error of av. purity (seq)	Tool	UniFrac (bp)	UniFrac (seq)	avg_precision_bp_var	avg_recall_bp_var	avg_recall_bp_var_cami1	binning type	rank
1.0	1.0	1.0	1.0	1.0	1.0	1.0	1.0	1.0	1.0	1.0	1.0	0.0	0.0	1.0	1.0	1.0	1.0	1.0	1.0	0.0	0.0	1.0	1.0	1.0	1.0	1.0	1.0	gsa	0.0	0.0	0.0	0.0	Gold standard			0.0	0.0	0.0	genome	NA
0.06294596711277257	0.2555515667470127	0.00484605076775397	-0.007762687302913739	0.7281042528728718	0.6594924082436022	0.3888091924077807	0.3863544304275621	0.040261640469491954	0.03923546700438753	0.02123001659100378	0.020667138895735314	0.00907573752607859	0.007870455280890134	0.6180479023517473	0.25652597569106106	0.5069213335094869	0.4872564592383338	0.11428155076952032	0.2562748678533677	0.9370381750072112	0.7439757488568053	0.999748135000566	0.9981537514744346	0.06296182499278874	0.25602425114319477	0.5156464366184444	0.7536362799389906	gsa	0.028662944428602465	0.03462577451456754	0.020989932404701456	0.022074969196273022	DCEC			0.015860781444741703	0.04929386299902919	0.007413211047804401	genome	NA
