Accuracy (bp)	Accuracy (seq)	Adjusted Rand index (bp)	Adjusted Rand index (seq)	Average completeness (bp)	Average completeness (seq)	Average purity (bp)	Average purity (seq)	CAMI 1 F1 score (bp)	CAMI 1 F1 score (seq)	CAMI 1 average completeness (bp)	CAMI 1 average completeness (seq)	CAMI 1 std error of av. completeness (bp)	CAMI 1 std error of av. completeness (seq)	Completeness (bp)	Completeness (seq)	F1 score (bp)	F1 score (seq)	F1 score for sample (bp)	F1 score for sample (seq)	Misclassification rate (bp)	Misclassification rate (seq)	Percentage of binned bp	Percentage of binned sequences	Purity (bp)	Purity (seq)	Rand index (bp)	Rand index (seq)	Sample	Std error of av. completeness (bp)	Std error of av. completeness (seq)	Std error of av. purity (bp)	Std error of av. purity (seq)	Tool	UniFrac (bp)	UniFrac (seq)	avg_precision_bp_var	avg_recall_bp_var	avg_recall_bp_var_cami1	binning type	rank
1.0	1.0	1.0	1.0	1.0	1.0	1.0	1.0	1.0	1.0	1.0	1.0	0.0	0.0	1.0	1.0	1.0	1.0	1.0	1.0	0.0	0.0	1.0	1.0	1.0	1.0	1.0	1.0	gsa	0.0	0.0	0.0	0.0	Gold standard			0.0	0.0	0.0	genome	NA
0.1843594607905706	0.5665418739422534	0.11570064181030001	0.11026980388496536	0.6946730432397688	0.6607099721446418	0.5868874552287074	0.6054191091840859	0.11571910544594328	0.10525207738756444	0.06418762696148694	0.05763605075153655	0.017524672717347402	0.014306629496335843	0.5721820334807984	0.25067952202677063	0.6362475982213621	0.6318572863756801	0.2791331254379483	0.34777150862221784	0.8154077117911638	0.43238105025177265	0.9987386936879928	0.9981024667931688	0.18459228820883627	0.5676189497482274	0.8633940407754239	0.8229141460394842	gsa	0.031669791519697954	0.03486858453161856	0.04244321538997878	0.04061199118474784	DCEC			0.06665278170768484	0.060178541694067944	0.027026045538812354	genome	NA
