Accuracy (bp)	Accuracy (seq)	Adjusted Rand index (bp)	Adjusted Rand index (seq)	Average completeness (bp)	Average completeness (seq)	Average purity (bp)	Average purity (seq)	CAMI 1 F1 score (bp)	CAMI 1 F1 score (seq)	CAMI 1 average completeness (bp)	CAMI 1 average completeness (seq)	CAMI 1 std error of av. completeness (bp)	CAMI 1 std error of av. completeness (seq)	Completeness (bp)	Completeness (seq)	F1 score (bp)	F1 score (seq)	F1 score for sample (bp)	F1 score for sample (seq)	Misclassification rate (bp)	Misclassification rate (seq)	Percentage of binned bp	Percentage of binned sequences	Purity (bp)	Purity (seq)	Rand index (bp)	Rand index (seq)	Sample	Std error of av. completeness (bp)	Std error of av. completeness (seq)	Std error of av. purity (bp)	Std error of av. purity (seq)	Tool	UniFrac (bp)	UniFrac (seq)	avg_precision_bp_var	avg_recall_bp_var	avg_recall_bp_var_cami1	binning type	rank
1.0	1.0	1.0	1.0	1.0	1.0	1.0	1.0	1.0	1.0	1.0	1.0	0.0	0.0	1.0	1.0	1.0	1.0	1.0	1.0	0.0	0.0	1.0	1.0	1.0	1.0	1.0	1.0	gsa	0.0	0.0	0.0	0.0	Gold standard			0.0	0.0	0.0	genome	NA
0.15634540585774187	0.4254064310990307	0.09663701341235102	0.09270048612220529	0.6791860636066172	0.6480775294849599	0.518398150606034	0.49974415163040536	0.09351535097804696	0.07680132505020426	0.05139315597147025	0.0415970030331833	0.01245545831607591	0.009062429199895607	0.5834881621520414	0.21724190984153033	0.5879983972944106	0.5643262546643576	0.2468805931113292	0.28790966778680865	0.8434381351179668	0.5732805185451926	0.9986174217811318	0.9969229191240576	0.15656186488203316	0.42671948145480737	0.8275626152269434	0.8248198843492679	gsa	0.03961599043031661	0.04225314263062844	0.02820526767077476	0.03277008137580087	DCEC			0.04773222746280311	0.09416560186649624	0.016599813279394988	genome	NA
