Accuracy (bp)	Accuracy (seq)	Adjusted Rand index (bp)	Adjusted Rand index (seq)	Average completeness (bp)	Average completeness (seq)	Average purity (bp)	Average purity (seq)	CAMI 1 F1 score (bp)	CAMI 1 F1 score (seq)	CAMI 1 average completeness (bp)	CAMI 1 average completeness (seq)	CAMI 1 std error of av. completeness (bp)	CAMI 1 std error of av. completeness (seq)	Completeness (bp)	Completeness (seq)	F1 score (bp)	F1 score (seq)	F1 score for sample (bp)	F1 score for sample (seq)	Misclassification rate (bp)	Misclassification rate (seq)	Percentage of binned bp	Percentage of binned sequences	Purity (bp)	Purity (seq)	Rand index (bp)	Rand index (seq)	Sample	Std error of av. completeness (bp)	Std error of av. completeness (seq)	Std error of av. purity (bp)	Std error of av. purity (seq)	Tool	UniFrac (bp)	UniFrac (seq)	avg_precision_bp_var	avg_recall_bp_var	avg_recall_bp_var_cami1	binning type	rank
1.0	1.0	1.0	1.0	1.0	1.0	1.0	1.0	1.0	1.0	1.0	1.0	0.0	0.0	1.0	1.0	1.0	1.0	1.0	1.0	0.0	0.0	1.0	1.0	1.0	1.0	1.0	1.0	gsa	0.0	0.0	0.0	0.0	Gold standard			0.0	0.0	0.0	genome	NA
0.1893643263980495	0.49217908610697986	0.10897578148061259	0.11233271741011257	0.6772547297082007	0.6355459795618988	0.5365623640674986	0.4999643883276994	0.142241304297267	0.122169488030836	0.08198806482893203	0.06958672399964834	0.021172587176063514	0.01721233029844645	0.5342744051317702	0.2513975075644905	0.5987547888582915	0.5596608642444153	0.2802985641686742	0.3330175454918664	0.810014206310207	0.5068852122084061	0.9967288749349431	0.9981024667931688	0.18998579368979293	0.4931147877915939	0.8699017128198091	0.821009190173374	gsa	0.03314361982517139	0.037176562792886114	0.04146160388400591	0.050009824973478376	DCEC			0.0636053900754659	0.06590997210692964	0.03810366805688078	genome	NA
