Accuracy (bp)	Accuracy (seq)	Adjusted Rand index (bp)	Adjusted Rand index (seq)	Average completeness (bp)	Average completeness (seq)	Average purity (bp)	Average purity (seq)	CAMI 1 F1 score (bp)	CAMI 1 F1 score (seq)	CAMI 1 average completeness (bp)	CAMI 1 average completeness (seq)	CAMI 1 std error of av. completeness (bp)	CAMI 1 std error of av. completeness (seq)	Completeness (bp)	Completeness (seq)	F1 score (bp)	F1 score (seq)	F1 score for sample (bp)	F1 score for sample (seq)	Misclassification rate (bp)	Misclassification rate (seq)	Percentage of binned bp	Percentage of binned sequences	Purity (bp)	Purity (seq)	Rand index (bp)	Rand index (seq)	Sample	Std error of av. completeness (bp)	Std error of av. completeness (seq)	Std error of av. purity (bp)	Std error of av. purity (seq)	Tool	UniFrac (bp)	UniFrac (seq)	avg_precision_bp_var	avg_recall_bp_var	avg_recall_bp_var_cami1	binning type	rank
1.0	1.0	1.0	1.0	1.0	1.0	1.0	1.0	1.0	1.0	1.0	1.0	0.0	0.0	1.0	1.0	1.0	1.0	1.0	1.0	0.0	0.0	1.0	1.0	1.0	1.0	1.0	1.0	gsa	0.0	0.0	0.0	0.0	Gold standard			0.0	0.0	0.0	genome	NA
0.1463753331037324	0.46186983947894766	0.08776511580813551	0.10258158790943132	0.799171233222378	0.7342280384264817	0.5690211240287677	0.5826737505462399	0.0921696836345566	0.08944204332390011	0.050146163851278305	0.048438764264792745	0.01823775865542245	0.016338952325058834	0.734774672975945	0.3302733473511462	0.6647388592833382	0.6497301598168437	0.2443806860500826	0.3854374156341614	0.8534367189179668	0.5372758567538406	0.9987176325685857	0.9981537514744346	0.1465632810820332	0.4627241432461594	0.7597833012354975	0.8060714428632184	gsa	0.027271302292670406	0.033161146171901044	0.03593983500715354	0.034530253847521473	DCEC			0.046500182652291076	0.04462343572429261	0.02993542566960928	genome	NA
