Accuracy (bp)	Accuracy (seq)	Adjusted Rand index (bp)	Adjusted Rand index (seq)	Average completeness (bp)	Average completeness (seq)	Average purity (bp)	Average purity (seq)	CAMI 1 F1 score (bp)	CAMI 1 F1 score (seq)	CAMI 1 average completeness (bp)	CAMI 1 average completeness (seq)	CAMI 1 std error of av. completeness (bp)	CAMI 1 std error of av. completeness (seq)	Completeness (bp)	Completeness (seq)	F1 score (bp)	F1 score (seq)	F1 score for sample (bp)	F1 score for sample (seq)	Misclassification rate (bp)	Misclassification rate (seq)	Percentage of binned bp	Percentage of binned sequences	Purity (bp)	Purity (seq)	Rand index (bp)	Rand index (seq)	Sample	Std error of av. completeness (bp)	Std error of av. completeness (seq)	Std error of av. purity (bp)	Std error of av. purity (seq)	Tool	UniFrac (bp)	UniFrac (seq)	avg_precision_bp_var	avg_recall_bp_var	avg_recall_bp_var_cami1	binning type	rank
1.0	1.0	1.0	1.0	1.0	1.0	1.0	1.0	1.0	1.0	1.0	1.0	0.0	0.0	1.0	1.0	1.0	1.0	1.0	1.0	0.0	0.0	1.0	1.0	1.0	1.0	1.0	1.0	gsa	0.0	0.0	0.0	0.0	Gold standard			0.0	0.0	0.0	genome	NA
0.25681371277776827	0.3190932868352223	0.1432357106886584	0.41508134731643376	0.6169235487623604	0.5346893666416245	0.43204305749020755	0.3892799107896067	0.1690335099484042	0.12418107445968547	0.10507083050648597	0.07387342238759159	0.017654765044414152	0.013257467059204341	0.47422423901203	0.4463305810554387	0.5081906986480808	0.45054274861838045	0.335877092420611	0.3726603180153337	0.7399795969936982	0.6801357186921653	0.987667543810184	0.9975896199805118	0.2600204030063018	0.3198642813078347	0.9027232377742712	0.8436122773082243	gsa	0.03972497327429432	0.04632149902994537	0.03641302381059415	0.041018279945310245	DCEC			0.05966587363639035	0.09468441009860391	0.0261820212169713	genome	NA
