Accuracy (bp)	Accuracy (seq)	Adjusted Rand index (bp)	Adjusted Rand index (seq)	Average completeness (bp)	Average completeness (seq)	Average purity (bp)	Average purity (seq)	CAMI 1 F1 score (bp)	CAMI 1 F1 score (seq)	CAMI 1 average completeness (bp)	CAMI 1 average completeness (seq)	CAMI 1 std error of av. completeness (bp)	CAMI 1 std error of av. completeness (seq)	Completeness (bp)	Completeness (seq)	F1 score (bp)	F1 score (seq)	F1 score for sample (bp)	F1 score for sample (seq)	Misclassification rate (bp)	Misclassification rate (seq)	Percentage of binned bp	Percentage of binned sequences	Purity (bp)	Purity (seq)	Rand index (bp)	Rand index (seq)	Sample	Std error of av. completeness (bp)	Std error of av. completeness (seq)	Std error of av. purity (bp)	Std error of av. purity (seq)	Tool	UniFrac (bp)	UniFrac (seq)	avg_precision_bp_var	avg_recall_bp_var	avg_recall_bp_var_cami1	binning type	rank
1.0	1.0	1.0	1.0	1.0	1.0	1.0	1.0	1.0	1.0	1.0	1.0	0.0	0.0	1.0	1.0	1.0	1.0	1.0	1.0	0.0	0.0	1.0	1.0	1.0	1.0	1.0	1.0	gsa	0.0	0.0	0.0	0.0	Gold standard			0.0	0.0	0.0	genome	NA
0.1765390438738112	0.5058720960049233	0.10327334882868736	0.11338104864132363	0.6915368228420872	0.6506767730052788	0.5600472149206209	0.5621098150607424	0.11671215310157045	0.1064720456379248	0.0651439813191782	0.0588053293322649	0.01756068248241636	0.014903780437687359	0.5679234867157922	0.19144571516488024	0.6188849649122706	0.6031593755032643	0.26940343228187846	0.2779149574907005	0.8234154571783109	0.4931661699722536	0.9997423390113829	0.9981024667931688	0.17658454282168914	0.5068338300277464	0.8453375868574265	0.8284494439923168	gsa	0.034541415035905625	0.03864192815681525	0.04174544044015342	0.04487117650196794	DCEC			0.06447922650906869	0.07158656116096121	0.02652047095534906	genome	NA
